Redshift z,Waveframe w(z),ΛCDM w(z),Δw = w_WF - w_LCDM
0.0,-0.98,-1.0,0.020000000000000018
0.5,-0.95,-1.0,0.050000000000000044
1.0,-0.92,-1.0,0.07999999999999996
1.5,-0.9,-1.0,0.09999999999999998
2.0,-0.89,-1.0,0.10999999999999999
