Model,Chi2,AIC,BIC
Waveframe,52.13251774983065,58.13251774983065,58.37084237487015
ΛCDM,54.229481135408015,60.229481135408015,60.46780576044752
