{
  "best_delta_mu": 2.4387754045509684,
  "refined_chi2_mu": 19.14091470763306
}