z,mu_data,sigma_mu,mu_model_shifted,residuals
0.01,32.0,0.2,31.514633691257707,0.48536630874229303
0.02,34.5,0.3,35.59207431200775,-1.0920743120077532
