Component,χ²,Data Points
H(z),,200
μ(z),19.14091470763306,2
fσ₈(z),52.13523497137436,8
Total,,210
